"prioridad","id","sku","titulo","categoria","marca","precio","stock","estado_stock","unidades_12m","facturado_12m","tiene_foto","tiene_descripcion"
"1","6485","531","Vidrio templado 9D | glass 9d","Vidrios templados e hidrogel","","5000","9708","instock","53","261400","NO","SI"
"2","6493","540","Funda comun","Fundas","","8000",,"instock","45","340284","NO","SI"
"3","6581","VID-GEN-HIDROG","Hidrogel Clear AAA","Vidrios templados e hidrogel","","8000",,"instock","28","216000","NO","SI"
"4","6924","FND-GEN-ECONOM","Funda economica","Fundas","","7000",,"instock","28","186000","NO","SI"
"5","6490","537","Hidrogel premium","Vidrios templados e hidrogel","","12000",,"instock","22","264000","NO","SI"
"6","7307","","Cable usb tipo C","Cables de carga","","6000",,"instock","10","42000","NO","NO"
"7","6511","581","Fuente iphone 20w tipo C original","Cargadores de pared","Apple","65000","5","instock","9","470000","NO","SI"
"8","7359","","Cable usb tipo C Fox box Axon 20w","Cables de carga","","9000","3","instock","8","49000","NO","NO"
"9","7306","AUR-GEN-AURICU-5","Auriculares Airpods Pro Rep 2","Auriculares inalámbricos","","29000","2","instock","7","193500","NO","SI"
"10","6667","ALM-HIKS-PENDRI32G","Pendrive Hiksemi/Lexar/MDI 32gb","Almacenamiento","Hiksemi","28000","24","instock","7","73000","SI","SI"
"11","6563","ALM-HIKS-MEMORI32G","Memoria hiksemi/lexar micro sd 32gb","Almacenamiento","Hiksemi","25000","9","instock","7","40000","SI","SI"
"12","6920","CAR-FOX-FOX-2","Cargador fox box MEGA 30w C/ cable Lightning","Cargadores de pared","FoxBox","32000","8","instock","6","122666","NO","SI"
"13","6491","538","Hidrogel anti espia","Vidrios templados e hidrogel","","14000",,"instock","6","84000","NO","SI"
"14","6970","CAB-APPLE-TRV","Cable USB TRV iphone lightning","Cables de carga","Apple","13000","4","instock","6","78000","NO","SI"
"15","6951","CAB-GEN-TRV","Cable TRV tipo C a tipo C 65w","Cables de carga","","12000","6","instock","6","36000","NO","SI"
"16","6566","AUR-FOX-MANOS","Auriculares Manos libres fox box boost pulse 3,5","Auriculares inalámbricos","FoxBox","10000","4","instock","6","44000","NO","SI"
"17","7122","","Fuente Iphone 20W Tipo C Premium","Cargadores de pared","","16000","5","instock","5","56000","NO","NO"
"18","7230","","Cargador IBEK tipo C 4.8A","Cargadores de pared","","9500","3","instock","5","9500","NO","NO"
"19","6494","541","Funda premium 1","Vidrios templados e hidrogel","","10000",,"instock","5","50000","NO","SI"
"20","6847","CAB-FOX-FOXBOX-2","Cable Fox Box Prism Lightning 1,25m","Cables de carga","FoxBox","13000","0","outofstock","5","52000","NO","SI"
"21","6918","CAB-FOX-FOXBOX-4","Cable usb tipo C 20w Fox Box round","Cables de carga","FoxBox","13000","2","instock","5","64000","NO","SI"
"22","6953","CAB-GEN-TRV-2","Cable TRV tipo C a lightning 20w","Cables de carga","","13000","5","instock","5","54000","NO","SI"
"23","6501","566","Cable USB tipo-c a Lightning 1mt","Cables de carga","","6000","9976","instock","5","0","NO","SI"
"24","6564","ALM-HIKS-MEMORI64G","Memoria hiksemi/Dahua micro sd 64gb","Almacenamiento","Hiksemi","39000","11","instock","5","128000","SI","SI"
"25","6848","AUR-JBL-JBL","Auricular JBL Wave 380 Rep premium","Auriculares con cable","JBL","39000","1","instock","5","114000","NO","SI"
"26","6534","879","Fuente Samsung 25W Tipo C AAA","Pilas y baterías","Samsung","18000","9","instock","5","72000","NO","SI"
"27","6899","PHO-SAMS-A17-2","Samsung A17 256gb 8gb","Smartphones nuevos","Samsung","635000","1","instock","4","1641100","NO","SI"
"28","6817","CAR-IBEK-IBEK","Cargador IBEK micro usb economico","Cargadores de pared","Ibek","7000","0","outofstock","4","7000","NO","SI"
"29","6838","CAB-NOGA-MICRO","Cable micro usb NOGANET","Cables de carga","Noganet","6000","0","outofstock","4","27000","NO","SI"
"30","7027","","Vaper Elfbar ICE King","Vapers","Elfbar","45000","1","instock","4","39000","NO","NO"
"31","6666","ALM-KING-MEMORI32G","Memoria Kingston/ Sandisk micro sd 32gb","Almacenamiento","Kingston","31000","6","instock","4","22000","SI","SI"
"32","7231","","Soporte Fijo para TV Noganet 26 a 72''","Soportes para TV","","29000","2","instock","4","26000","NO","NO"
"33","6783","AUR-GEN-FAIR39","Auriculares AIR 39 FLUX Fair39","Auriculares con cable","","14000","2","instock","4","14000","NO","SI"
"34","6537","884","Auriculares Samsung HS330","Auriculares con cable","Samsung","6000","6","instock","4","12000","NO","SI"
"35","6477","511","Mouse GENIUS usb","Periféricos","Genius","9500","4","instock","4","28500","NO","SI"
"36","6915","CAB-GEN-DERIVA-2","Cable derivador RCA 2 Macho a 1 hembra","Cables de audio","","12000","0","outofstock","4","48000","NO","SI"
"37","6795","PHO-MOTO-G86","Motorola G86 5g 512gb","Smartphones nuevos","Motorola","665000","1","instock","3","1147750","NO","SI"
"38","6884","PHO-REDMI-NOTE15PR","Redmi Note 15 Pro 8gb 256gb","Smartphones nuevos","Xiaomi","660000","0","outofstock","3","710000","NO","SI"
"39","6658","PHO-SAMS-A16","Samsung A16 128gb","Smartphones nuevos","Samsung","390000","1","instock","3","721000","NO","SI"
"40","6912","PHO-MOTO-G06","Motorola G06 128gb","Smartphones nuevos","Motorola","315000","1","instock","3","691000","NO","SI"
"41","6955","PHO-RLME-C71","Realme C71 128gb 6gb","Smartphones nuevos","Realme","310000","0","outofstock","3","687000","NO","SI"
"42","6885","PHO-SAMS-A06","Samsung A06 64gb 4gb","Smartphones nuevos","Samsung","298000","1","instock","3","514500","NO","SI"
"43","6710","TVB-GEN-SMART32P","Smart TV Quint 50'' UHD","TV Box y streaming","","690000","1","instock","3","718000","NO","SI"
"44","6728","CAR-SAMS-SAMSUN","Fuente Samsung 25W Tipo C ORIGINAL","Cargadores de pared","Samsung","56000","0","outofstock","3","20000","NO","SI"
"45","6960","CAR-MOTO-TURBO","Cargador Turbo power MOTOROLA 125w","Cargadores de pared","Motorola","19000","2","instock","3","28000","NO","SI"
"46","7806","CAR-ALO-ALO-1","Cargador Aló Pocket 15w USB A a tipo c","Cargadores de pared","ALO","9000","17","instock","3","25500","NO","SI"
"47","6727","CAB-GEN-TIPO","Cable USB tipo-c a Lightning 1mt ORIGINAL","Cables de carga","","45000","0","outofstock","3","103000","NO","SI"
"48","6489","536","Hidrogel matte","Vidrios templados e hidrogel","","10000",,"instock","3","30000","NO","SI"
"49","6486","532","Hidrogel smartwatch","Vidrios templados e hidrogel","","5000",,"instock","3","15000","NO","SI"
"50","6484","530","Vidrio templado | glass","Vidrios templados e hidrogel","","4000","9884","instock","3","12000","NO","SI"
"51","6751","RTR-TPL-WA850RE","Extensor Access Point TP Link TL WA850RE","Routers y WiFi","TP-Link","47000","1","instock","3","136000","NO","SI"
"52","6503","568","Cable usb a Lightning 1mt","Cables de carga","","6000","9977","instock","3","18000","NO","SI"
"53","6558","RTR-MERC-EXTENS","Extensor Access point MERCUSYS 300mbs","Routers y WiFi","Mercusys","33000","0","outofstock","3","66000","NO","SI"
"54","6619","AUR-FOX-MANOS-2","Manos libre Fox Box boost pulse Tipo C","Auriculares inalámbricos","FoxBox","17000","2","instock","3","17000","NO","SI"
"55","6492","539","Hidrogel tablet","Tablets","","25000",,"instock","3","75000","NO","SI"
"56","6682","PER-GENI-NX7000","Mouse GENIUS inalambrico NX7000","Periféricos","Genius","19000","2","instock","3","57000","NO","SI"
"57","6967","PER-BULL-MOUSE","Mouse inalambrico recargable USB y BT BULLTEC","Periféricos","Bulltec","19000","5","instock","3","17500","NO","SI"
"58","7324","TVS-NOGA-FIJO65P-2","Soporte Fijo para TV Noganet 14 a 42''","Soportes para TV","Noganet","15000","7","instock","3","53000","NO","SI"
"59","7441","CAU-GEN-WAY-2","Cargador de auto Voltjet 12v 38w","Cargadores de auto","Voltjet","17000","2","instock","3","17000","NO","SI"
"60","6565","CAU-GEN-WAY","Cargador de auto 12v WAY QC","Cargadores de auto","","13000","0","outofstock","3","39000","NO","SI"
"61","7437","CAU-GEN-WAY-1","Cargador de auto 12V Genérico micro usb","Cargadores de auto","Ringo","12000","9","instock","3","44000","NO","SI"
"62","6810","ADP-GEN-CONVER","Convertidor conversor VGA a HDMI","Adaptadores y conversores","","12000","0","outofstock","3","22000","NO","SI"
"63","7236","","Cable USB para impresora","Adaptadores y conversores","","7000","0","outofstock","3","15000","NO","NO"
"64","7116","","Receptor Adaptador Bluetooth BT DINAX","Adaptadores de red","","9500","14","instock","3","9500","NO","NO"
"65","7101","","iPhone 14 128gb 84% (37873)","Smartphones usados","Apple","390","1","instock","3","1485","NO","NO"
"66","6573","PHO-NOKIA-NOKIA","Nokia 106","Smartphones nuevos","Nokia","58000","2","instock","2","116000","NO","SI"
"67","6933","PHO-APPLE-17PM256-2","iPhone 17 Pro Max SELLADO 256gb (21210)","Smartphones nuevos","Apple","1370","1","instock","2","3100","NO","SI"
"68","6968","PHO-APPLE-16P256G-5","iPhone 16 Pro 256gb 89% (13236)","Smartphones nuevos","Apple","840","1","instock","2","1110","NO","SI"
"69","7278","","iPhone 12 Pro 128gb 100% (63695)","Smartphones nuevos","Apple","310","0","outofstock","2","1680","NO","NO"
"70","6948","PER-NETM-G904","Silla Butaca gamer DONNA AFC5204","Periféricos","Netmak","248000","2","instock","2","0","NO","SI"
"71","6867","TVB-ROKU-ROKU","Roku Streamer HD","TV Box y streaming","Roku","98000","2","instock","2","189000","NO","SI"
"72","6958","CAR-FOX-FOX-3","Cargador Fox Box MEGA 30w C/ cable Tipo C magnetico","Cargadores de pared","FoxBox","36000","2","instock","2","72000","NO","SI"
"73","6295","191","Cargador Apple Battery pack 5.000","Cargadores de pared","Apple","29000","0","outofstock","2","58000","NO","SI"
"74","6479","514","Router TP-Link Archer C86","Routers y WiFi","TP-Link","98000","1","instock","2","138000","NO","SI"
"75","7808","CAR-FOX-FOX-4","Cargador fox box MEGA 3 20w","Cargadores de pared","FoxBox","23000","0","outofstock","2","51000","NO","SI"
"76","6533","878","Fuente Iphone 20W Tipo C","Cargadores de pared","Apple","12000","13","instock","2","24000","NO","SI"
"77","7124","","Cable USB tipo-c a Lightning 1mt Premium","Cargadores de pared","","8000","8","instock","2","8000","NO","NO"
"78","7323","","Cargador IBEK Micro usb v8 3.8a","Cargadores de pared","","7500","8","instock","2","7500","NO","NO"
"79","6699","CAR-ALO-ALO","Cargador ALO Pocket 15W tipo C (S/Cable)","Cargadores de pared","ALO","7000","5","instock","2","14000","NO","SI"
"80","7442","","Parlantes 6x9 Maverick 650w Mav 10690","Accesorios Vehículo","Maverick","98000","0","outofstock","2","139000","NO","NO"
"81","7682","CLI-ORYX-CALOVE-2","Caloventor Dinax 2000w","Climatización","Dinax","35000","4","instock","2","62900","NO","SI"
"82","6487","533","Hidrogel clear AA","Vidrios templados e hidrogel","","5000",,"instock","2","10000","NO","SI"
"83","6530","839","Glass vidrio templado de camaras brillo","Vidrios templados e hidrogel","","5000","999981","instock","2","10000","NO","SI"
"84","6529","838","Glass vidrio templado de camaras","Vidrios templados e hidrogel","","4500","999979","instock","2","6667","NO","SI"
"85","6774","AUR-FOX-AURICU-2","Auriculares manos libres Fox Box FORCE 2.0","Auriculares inalámbricos","FoxBox","49000","2","instock","2","98000","NO","SI"
"86","7661","PWB-FOX-POWER-1","Power Bank Fox Box ENERGY port 10.000 mah","Power banks","FoxBox","73000","2","instock","2","67000","NO","SI"
"87","7238","","Parlantes redondos 4'' Planter 280w","Parlantes profesionales","","45000","0","outofstock","2","45000","NO","NO"
"88","6959","PWB-FOX-POWER","Power Bank Fox Box ENERGY port 20.000 mah","Power banks","FoxBox","67000","2","instock","2","140550","NO","SI"
"89","6973","CAB-VAPX-VAPEX-2","Cable USB v3 mini 1,5m Vapex","Cables de carga","Vapex","8000","3","instock","2","16000","NO","SI"
"90","6524","776","Cable ALO Line 15W USB a Tipo C","Cables de carga","ALO","5000","8","instock","2","0","NO","SI"
"91","7778","","Kit Directv prepago 46cm","Sin categorizar","","49000","0","outofstock","2","98000","NO","NO"
"92","7028","","Vaper Ignite ICE 40k","Vapers","Ignite","48000","4","instock","2","48000","NO","NO"
"93","6603","TVS-NOGA-MOV","Soporte Movil para TV Noganet 1hasta 55""","Soportes para TV","Noga","46000","2","instock","2","16000","NO","SI"
"94","6811","VEH-DINX-TEREO20","Auto Estereo fijo DINAX dxstereo20","Estéreos de auto","Dinax","34000","3","instock","2","30000","SI","SI"
"95","6792","AUR-NETM-NETMAK","Auricular NETMAK NM Live","Auriculares con cable","Netmak","27000","1","instock","2","29000","NO","SI"
"96","7026","","Vaper ElfBar 15k","Vapers","Elfbar","29000","3","instock","2","58000","NO","NO"
"97","6279","83","Auricular EarPods Lightning (conexion directa)","Auriculares con cable","","19500","0","outofstock","2","36667","NO","SI"
"98","6668","OTR-HIKS-PENDRI64G","Pendrive Hiksemi 64gb","Varios","Hiksemi","35000","2","instock","2","35000","NO","SI"
"99","6718","MAT-GEN-TERMO","Termo media manija 1L","Mates","","22000","3","instock","2","22000","NO","SI"
"100","6939","TVS-NETM-FIJO43P","Soporte para TV fijo NETMAK con inclinación 23 - 43''","Soportes para TV","Netmak","18000","4","instock","2","34000","NO","SI"
"101","6777","GAC-TARG-GAMER","Auricular gamer TARGA ODISSEY 300","Accesorios gaming","Targa","29000","3","instock","2","25000","NO","SI"
"102","6714","MAT-GEN-MATERA","Matera canasta simil cuero","Mates","","17000","0","outofstock","2","34500","NO","SI"
"103","6956","AUR-GEN-P47","Auricular P47","Auriculares con cable","","9500","1","instock","2","0","NO","SI"
"104","6864","CAU-TREQ-AUTO","Cargador de auto 12v TREQA 38w","Cargadores de auto","Treqa","19000","1","instock","2","0","NO","SI"
"105","6947","RAD-SEIS-QMK9015","Sintonizador FM SEISA BT QMK9015","Radios y Sintonizadores","Seisa","15000","0","outofstock","2","15000","NO","SI"
"106","6863","PIL-GEN-INAL","Cargador inalámbrico Magsafe AAA","Pilas y baterías","","16000","0","outofstock","2","16000","NO","SI"
"107","6519","758","Cable auxiliar jack 3.5 COMUN","Cables de audio","","3500","15","instock","2","7000","NO","SI"
"108","6634","ADP-GEN-JACK","Adaptador Jack 3,5 a ligthning","Adaptadores y conversores","","7500","7","instock","2","15000","NO","SI"
"109","6771","CAB-KOLKE-HDMI-2","Cable HDMI KOLKE 1,5m","Cables HDMI y video","Kolke","7500","1","instock","2","15000","NO","SI"
"110","7016","","Tira correa larga  para celu cordon","Accesorios para Celular","","8000","1","instock","2","0","NO","NO"
"111","6555","SBD-GEN-MALLA-2","Malla mi band 7 NEGRA","Smart Bands","","6500","1","instock","2","13000","NO","SI"
"112","7162","","iPhone 16 Pro Max 256gb 89% (74420)","Smartphones usados","Apple","910","1","instock","2","1450","NO","NO"
"113","7121","","iPhone 16 128gb 90% (12663)","Smartphones usados","Apple","680","0","outofstock","2","1460","NO","NO"
"114","7279","","iphone 15 Pro 256gb 86% (14529)","Smartphones usados","","650","1","instock","2","1040","NO","NO"
"115","7281","","iPhone 13 Pro Max 128gb 93% (3782)","Smartphones usados","","510","0","outofstock","2","855","NO","NO"
"116","7163","","iPhone 12 Pro Max 128gb 98% (5735)","Smartphones usados","Apple","330","1","instock","2","930","NO","NO"
"117","6623","PHO-SAMS-A36","Samsung A36 5g 256gb","Smartphones nuevos","Samsung","735000","1","instock","1","600000","NO","SI"
"118","6883","PHO-REDMI-NOTE14PR","Redmi Note 14 Pro 5G 256gb","Smartphones nuevos","Xiaomi","640000","0","outofstock","1","640000","NO","SI"
"119","6804","PHO-MOTO-G15-2","Motorola G15 512gb","Smartphones nuevos","Motorola","435000","0","outofstock","1","390000","NO","SI"
"120","6911","PHO-MOTO-G05","Motorola G05 128b","Smartphones nuevos","Motorola","279000","0","outofstock","1","279000","NO","SI"
"121","6882","PHO-APPLE-17P256G-2","iPhone 17 Pro 256gb SELLADO (49145)","Smartphones nuevos","Apple","1350","0","outofstock","1","1350","NO","SI"
"122","6903","PHO-APPLE-17P256G-3","iPhone 17 Pro 256gb SELLADO (65536)","Smartphones nuevos","Apple","1350","0","outofstock","1","1390","NO","SI"
"123","7433","PHO-APPLE-17PM256-18","iPhone 17 Pro 256gb (73307)","Smartphones nuevos","Apple","1320","1","instock","1","1380","NO","SI"
"124","6932","PHO-APPLE-16P256G-3","iPhone 16 Pro 256gb 93% (53699)","Smartphones nuevos","Apple","820","0","outofstock","1","820","NO","SI"
"125","6879","PHO-APPLE-16P256G-2","iPhone 16 Pro 256gb 90% (23830)","Smartphones nuevos","Apple","795","0","outofstock","1","795","NO","SI"
"126","6702","PHO-APPLE-14PM128G","iPhone 14 Pro Max 128gb 89% (58146)","Smartphones nuevos","Apple","680","0","outofstock","1","575","NO","SI"
"127","6822","PHO-APPLE-13P128G","iPhone 13 Pro 128gb 82% (66658)","Smartphones nuevos","Apple","460","0","outofstock","1","460","NO","SI"
"128","6931","PHO-APPLE-15P256G-2","iPhone 13 Pro 128gb 100% (56982)","Smartphones nuevos","Apple","455","1","instock","1","595","NO","SI"
"129","6969","PHO-APPLE-14128G-3","iPhone 14 128gb 89% (74563)","Smartphones nuevos","Apple","420","1","instock","1","0","NO","SI"
"130","6971","PHO-APPLE-12128G-4","iPhone 12 128gb 100% (5039)","Smartphones nuevos","Apple","290","0","outofstock","1","290","NO","SI"
"131","6826","CLI-TCL-AIRE","Aire acondicionado TCL 3400w","Climatización","TCL","840000","0","outofstock","1","665000","SI","SI"
"132","6605","NOT-GATE-NOTEBO16G","Notebook Gateway i5 16gb 512gb","Notebooks","Gateway","890000","0","outofstock","1","525000","NO","SI"
"133","6731","TV-TCL-SMART55P","Smart TV Noblex 55'' X8 UHD","Smart TV","TCL","865000","1","instock","1","0","NO","SI"
"134","6607","TV-BGH-SMART43P","Smart TV 43'' BGH Android Full HD","Smart TV","BGH","495000","0","outofstock","1","100000","NO","SI"
"135","6934","PRI-CANO-G2100","Impresora Canon multifunción G2100","Impresoras","Canon","455000","0","outofstock","1","473100","NO","SI"
"136","7318","","Parlante Dinax Beat 20.000w 2 x 10''","Parlantes profesionales","","365000","0","outofstock","1","0","NO","NO"
"137","6541","969","Parlante Brodu iKaraoke Box 360 2x 1990","Parlantes profesionales","Brodu","295000","0","outofstock","1","100000","NO","SI"
"138","6834","CAM-ORYX-KIT320G","Kit Camaras ORYX x4 + Disco 320gb","Kits CCTV","Oryx","295000","0","outofstock","1","180000","NO","SI"
"139","6739","VEH-ECOP-EP7013","Estéreo Ecopower EP-7013","Estéreos de auto","Ecopower","220000","0","outofstock","1","211000","SI","SI"
"140","7125","","Camara de seguridad ECOPOWER EPC049","Cámaras de seguridad","","230000","0","outofstock","1","0","NO","NO"
"141","6898","PAR-NETM-NETMAK8P","Parlante NETMAK Epic 8'' x2 con microfono","Parlantes profesionales","Netmak","189000","0","outofstock","1","189000","NO","SI"
"142","6952","MON-GFST-T220","Monitor Gfast 21,5'' T220 60hz HDMI/VGA","Monitores","Gfast","195000","0","outofstock","1","195000","NO","SI"
"143","6762","SMW-FOX-RELOJ-3","Reloj Smartwatch Fox Box NUMA","Smartwatch","FoxBox","189000","0","outofstock","1","179550","NO","SI"
"144","6802","MON-GFST-MONITO6P","Monitor E-view 20'' VGA/HDMI","Monitores","","185000","1","instock","1","0","NO","SI"
"145","6333","265","Parlante Dinax Aspen 12""","Parlantes profesionales","Dinax","145000","0","outofstock","1","0","NO","SI"
"146","6961","TVB-ROKU-ROKU-2","Roku Express Replica android","TV Box y streaming","Roku","69000","3","instock","1","0","NO","SI"
"147","7435","203-4","Auricular JBL vincha Tune 520 tc","Auriculares inalámbricos","JBL","98000","0","outofstock","1","0","NO","SI"
"148","6843","CAR-NETM-NMCP28","Cargador NETMAK NMCP28 QC 20w","Cargadores de pared","Netmak","17000","1","instock","1","17000","NO","SI"
"149","6950","CAR-NETM-NETMAK-2","Cargador NETMAK NMCP5 25w tipo C sin cable","Cargadores de pared","Netmak","12000","8","instock","1","12000","NO","SI"
"150","6964","AUR-BAOF-BF777S","Walkie Tokie BAOFENG BF777S","Auriculares inalámbricos","Baofeng","75000","0","outofstock","1","75000","NO","SI"
"151","6895","CAM-EZVZ-CAMARA","Camara de seguridad EZVIZ H8C Domo HD vision nocturna 30m","Cámaras de seguridad","EZVIZ","109000","2","instock","1","54500","NO","SI"
"152","7537","","Parlantes 6x9 Smart Tech 800w ts 6972","Accesorios Vehículo","","89000","0","outofstock","1","81880","NO","NO"
"153","6793","","Proyector NETMAK NMPR300 Android 14 - 150""","Proyectores","Kelyx","109000","2","instock","1","18000","NO","SI"
"154","7515","CLI-ORYX-CALOVE-1","Caloventor Oryx 2000w","Climatización","Oryx","35000","1","instock","1","27900","NO","SI"
"155","6797","SMW-KIES-RELOJ","Reloj Smartwatch KIESLECT Kr Pro","Smartwatch","Kieslect","85000","0","outofstock","1","0","NO","SI"
"156","6608","PAR-GEN-BLUETO","Parlante Bluetooth 6.5 x2 6603","Parlantes profesionales","","65000","0","outofstock","1","55000","NO","SI"
"157","6984","541-42","Funda premium 2","Vidrios templados e hidrogel","","11000",,"instock","1","11000","NO","SI"
"158","6298","205","Auricular manos libres Fox Box TEMPO","Auriculares inalámbricos","FoxBox","59000","0","outofstock","1","0","NO","SI"
"159","6661","CAB-APPLE-IPHONE","Cable iPhone USB C a USB C Original 60w","Cables de carga","Apple","39000","9","instock","1","39000","NO","SI"
"160","7317","","Camara de seguridad TAPO C510 Exterior movimiento remoto","Cámaras de seguridad","","98000","1","instock","1","0","NO","NO"
"161","6513","587","Nano glass","Vidrios templados e hidrogel","","5000","99939","instock","1","5000","NO","SI"
"162","7801","","Parlante MALIBU MS3627 4''","Sin categorizar","","78000","1","instock","1","72000","NO","NO"
"163","6784","PAR-KBRD-KTS1861","Parlante Kbroad 2 x 6.5'' c/microfono KTS1861","Parlantes profesionales","Kbroad","55000","0","outofstock","1","0","NO","SI"
"164","7115","","Silla de oficina NOGANET","Periféricos","","98000","2","instock","1","0","NO","NO"
"165","7345","","Parlantes redondos 5'' 200w  Mundo JW","Parlantes profesionales","","48000","0","outofstock","1","48000","NO","NO"
"166","7811","","Reloj Smartwatch Bulltec DUO Watch","Sin categorizar","","69000","1","instock","1","0","NO","NO"
"167","6614","RTR-TPL-C24","Router TP-Link Archer C24 AC750","Routers y WiFi","TP-Link","49500","3","instock","1","49000","NO","SI"
"168","6521","768","Cable Fox Box 60W Loop","Cables de carga","FoxBox","16000","4","instock","1","17000","NO","SI"
"169","6836","CAB-KOLKE-TIPO","Cable usb tipo C a C KOLKE  trenzado magnético","Cables de carga","Kolke","15000","2","instock","1","14000","NO","SI"
"170","7237","","Cable Philips tipo C","Cables de carga","","15000","5","instock","1","17000","NO","NO"
"171","6923","TAB-APPLE-APPLE","Apple Pencil 2da gen AAA","Tablets","Apple","65000","0","outofstock","1","65000","NO","SI"
"172","6317","241","Router Tenda N300","Routers y WiFi","","39000","0","outofstock","1","0","NO","SI"
"173","6862","CAB-KOLKE-C8708","Cable KOLKE tipo C a tipo C KCC8708","Cables de carga","Kolke","9000","3","instock","1","9000","NO","SI"
"174","6551","1048","Cable usb a Lightning 2m","Cables de carga","","8000","3","instock","1","0","NO","SI"
"175","6957","CAB-GEN-LIGHTN-2","Cable 4 en 1 USB C USB lightning","Cables de carga","","7000","1","instock","1","7000","NO","SI"
"176","7235","","Cable micro usb NOGANET 2m","Cables de carga","","7000","7","instock","1","7000","NO","NO"
"177","6495","558","Cable Micro USB Royalcell","Cables de carga","","6000","0","outofstock","1","6000","NO","SI"
"178","6906","CAB-KOLKE-KOLKE","Cable USB c  KOLKE 3A","Cables de carga","Kolke","6000","4","instock","1","6000","NO","SI"
"179","6301","211","Auriculares manos libres JBL in ear C50H","Auriculares inalámbricos","FoxBox","24000","2","instock","1","36000","NO","SI"
"180","6557","CAB-GEN-ALIMEN","Cable alimentacion generico interlook 220 cpu","Cables de carga","","5000","1","instock","1","5000","NO","SI"
"181","6814","SMW-NOGA-RELOJ","Reloj Smartwatch NOGANET NG POWER","Smartwatch","Noganet","46000","0","outofstock","1","46000","NO","SI"
"182","7779","","Kit Directv prepago 60cm","Sin categorizar","","49000","0","outofstock","1","49000","NO","NO"
"183","6816","FND-SEIS-HOLDER","Soporte Holder SEISA brazo largo ventosa","Fundas","Seisa","13000","1","instock","1","13000","NO","SI"
"184","6927","RAD-GEN-TO1601","Radio reproductor TOMATE TO1601 solar","Radios y Sintonizadores","","56000","0","outofstock","1","0","NO","SI"
"185","6613","ELE-PHCO-AFEITA","Afeitadora Philco 3 cabezas AE 5105pp","Cuidado personal","Philco","59000","1","instock","1","55000","NO","SI"
"186","6692","RAD-WINC-W2004","Radio Winco DUAL W2005 AM/FM","Radios y Sintonizadores","Winco","53000","1","instock","1","49000","NO","SI"
"187","6926","RAD-GEN-TO1530","Radio reproductor TOMATE TO1530","Radios y Sintonizadores","","52000","0","outofstock","1","47000","NO","SI"
"188","6922","FND-GEN-COBERT","Cobertor funda para fuentes 20w","Fundas","","8000","1","instock","1","8000","NO","SI"
"189","7443","","Kit de cables 800w 10 Gauge Blauline","Cables de audio","","49000","0","outofstock","1","49000","NO","NO"
"190","6910","AUR-NOGA-NGBT300","Auriculares NOGANET NGBT300 Sport fit","Auriculares inalámbricos","Noganet","14800","0","outofstock","1","14000","NO","SI"
"191","6781","TVS-GEN-W3350M","Soporte Movil para TV WAVETV W3350M Brazo doble 26 - 60''","Soportes para TV","","46000","1","instock","1","0","NO","SI"
"192","6412","361","Matera canasta cuero 100%","Mates","","47000","0","outofstock","1","49000","NO","SI"
"193","7440","Cable Fox Box Prism Micro USB 1,25m","Cable Fox Box Prism Micro USB 1,25m","Auriculares inalámbricos","FoxBox","7000","2","instock","1","0","NO","SI"
"194","6664","SMW-GEN-SMARTW","Smartwatch Gran Luxy 37","Smartwatch","","29000","4","instock","1","29000","NO","SI"
"195","6855","ELE-ULTRCOMB-PEAT1351","Pava electrica Ultracomb corte mate","Cocina","Ultracomb","49000","1","instock","1","43000","NO","SI"
"196","6673","PER-TARG-KIT-2","Kit Gamer TARGA 400","Periféricos","Targa","35000","0","outofstock","1","43500","NO","SI"
"197","6780","TVS-NETM-ST34","Soporte Movil para TV Netmak NM ST34 23 - 43''","Soportes para TV","Netmak","34000","4","instock","1","0","NO","SI"
"198","7991","","Cargador Fox Box MEGA 20W C/cable tipo C","Sin categorizar","","26000","19","instock","1","0","NO","NO"
"199","7319","","Cargador portatil Lambo tech PL82 20.000mah","Power banks","","26000",,"instock","1","0","NO","NO"
"200","6815","RTR-GEN-RED","Cable de red 2m","Routers y WiFi","","6000","1","instock","1","5000","NO","SI"
